use project;

INSERT INTO users (username, name, profile, weight, height, age, social, gender) VALUES
('user01', 'Alice Smith', 'pic-3', 130, 65, 25, TRUE, 'female'),
('user02', 'Bob Johnson', 'pic-6', 180, 70, 30, TRUE, 'male'),
('user03', 'Carol Lee', 'pic-1', 140, 66, 22, FALSE, 'female'),
('user04', 'David Kim', 'pic-8', 165, 68, 28, TRUE, 'male'),
('user05', 'Eva Chen', 'pic-2', 125, 64, 24, TRUE, 'female'),
('user06', 'Frank Wu', 'pic-0', 175, 72, 29, FALSE, 'male'),
('user07', 'Grace Park', 'pic-5', 135, 67, 23, TRUE, 'female'),
('user08', 'Hank Green', 'pic-7', 160, 69, 26, TRUE, 'male'),
('user09', 'Ivy Lin', 'pic-9', 120, 62, 21, FALSE, 'female'),
('user10', 'Jake Long', 'pic-10', 185, 74, 32, TRUE, 'male'),
('user11', 'Kelly Brown', 'pic-4', 150, 65, 27, TRUE, 'female'),
('user12', 'Liam Davis', 'pic-6', 170, 71, 29, TRUE, 'male'),
('user13', 'Mia Scott', 'pic-8', 130, 63, 24, TRUE, 'female'),
('user14', 'Noah Moore', 'pic-2', 190, 73, 31, FALSE, 'male'),
('user15', 'Olivia Taylor', 'pic-5', 145, 66, 25, TRUE, 'female'),
('user16', 'Paul Martinez', 'pic-1', 160, 70, 26, TRUE, 'male'),
('user17', 'Quinn Anderson', 'pic-7', 155, 68, 28, TRUE, 'prefer not to say'),
('user18', 'Rachel Thomas', 'pic-3', 135, 65, 23, FALSE, 'female'),
('user19', 'Sam Walker', 'pic-0', 180, 72, 30, TRUE, 'male'),
('user20', 'Tina Hall', 'pic-9', 125, 64, 22, TRUE, 'female'),
('user21', 'Uma Rivera', 'pic-4', 140, 66, 25, FALSE, 'female'),
('user22', 'Victor Young', 'pic-2', 175, 70, 27, TRUE, 'male'),
('user23', 'Wendy Allen', 'pic-6', 130, 63, 23, TRUE, 'female'),
('user24', 'Xander King', 'pic-8', 165, 69, 28, TRUE, 'male'),
('user25', 'Yara Wright', 'pic-1', 120, 62, 21, TRUE, 'female'),
('user26', 'Zane Scott', 'pic-10', 185, 74, 33, TRUE, 'male'),
('user27', 'Amy Turner', 'pic-3', 135, 65, 24, TRUE, 'female'),
('user28', 'Ben White', 'pic-7', 170, 70, 29, FALSE, 'male'),
('user29', 'Cindy Baker', 'pic-5', 145, 66, 26, TRUE, 'female'),
('user30', 'Derek Adams', 'pic-0', 180, 72, 31, TRUE, 'male');


INSERT INTO log (username, activity, day, start, duration, post, calories) VALUES
('user01', 'Running', '2025-05-01', '07:00:00', 30, 'Felt great today!', 300),
('user02', 'Cycling', '2025-05-01', '08:00:00', 45, '', 400),
('user03', 'Swimming', '2025-05-01', '09:00:00', 60, 'Good form, steady pace.', 500),
('user04', 'Yoga', '2025-05-01', '10:00:00', 40, '', 200),
('user05', 'Weightlifting', '2025-05-01', '11:00:00', 50, 'Added 10 lbs to squat!', 350),
('user06', 'Running', '2025-05-02', '07:30:00', 25, '', 280),
('user07', 'Pilates', '2025-05-02', '08:15:00', 35, 'Feeling flexible!', 210),
('user08', 'Boxing', '2025-05-02', '09:45:00', 50, '', 450),
('user09', 'Zumba', '2025-05-03', '07:20:00', 60, 'Great energy in class!', 430),
('user10', 'Cycling', '2025-05-03', '08:10:00', 40, '', 370),
('user11', 'Walking', '2025-05-03', '09:05:00', 30, '', 150),
('user12', 'Stretching', '2025-05-03', '10:00:00', 20, 'Short and refreshing.', 100),
('user13', 'Running', '2025-05-04', '06:50:00', 30, 'Morning jog with dog.', 310),
('user14', 'Weightlifting', '2025-05-04', '07:40:00', 45, '', 360),
('user15', 'HIIT', '2025-05-04', '08:30:00', 20, 'High intensity blast!', 320),
('user16', 'Swimming', '2025-05-04', '09:15:00', 55, '', 470),
('user17', 'Cycling', '2025-05-04', '10:00:00', 40, 'Legs burning today.', 390),
('user18', 'Walking', '2025-05-05', '07:00:00', 30, '', 150),
('user19', 'Jogging', '2025-05-05', '07:30:00', 25, 'Nice breeze this morning.', 260),
('user20', 'Dancing', '2025-05-05', '08:00:00', 45, '', 400),
('user21', 'Yoga', '2025-05-05', '09:00:00', 40, 'Relaxing stretch session.', 210),
('user22', 'Running', '2025-05-06', '07:00:00', 35, 'Challenging uphill route.', 320),
('user23', 'Pilates', '2025-05-06', '08:00:00', 30, '', 250),
('user24', 'Zumba', '2025-05-06', '09:00:00', 50, 'Loved the music today.', 430),
('user25', 'Swimming', '2025-05-06', '10:00:00', 60, '', 500),
('user26', 'Cycling', '2025-05-07', '07:00:00', 45, 'Scenic route!', 420),
('user27', 'HIIT', '2025-05-07', '08:00:00', 25, '', 330),
('user28', 'Walking', '2025-05-07', '09:00:00', 30, '', 150),
('user29', 'Stretching', '2025-05-07', '10:00:00', 20, 'Feeling better after.', 120),
('user30', 'Running', '2025-05-08', '07:00:00', 30, '', 300),
('user01', 'Cycling', '2025-05-08', '08:00:00', 45, 'Fast pace!', 410),
('user02', 'Boxing', '2025-05-08', '09:00:00', 50, '', 460),
('user03', 'Yoga', '2025-05-08', '10:00:00', 40, 'Zen morning.', 220),
('user04', 'Zumba', '2025-05-09', '07:00:00', 50, '', 440),
('user05', 'Running', '2025-05-09', '08:00:00', 35, 'Shins sore today.', 310),
('user06', 'Swimming', '2025-05-09', '09:00:00', 60, '', 500),
('user07', 'HIIT', '2025-05-09', '10:00:00', 20, '', 330),
('user08', 'Walking', '2025-05-10', '07:00:00', 30, 'Easy pace.', 160),
('user09', 'Cycling', '2025-05-10', '08:00:00', 45, '', 410),
('user10', 'Yoga', '2025-05-10', '09:00:00', 40, 'Deep breaths.', 200),
('user11', 'Boxing', '2025-05-10', '10:00:00', 55, '', 470),
('user12', 'Running', '2025-05-11', '07:00:00', 30, 'Improved time!', 310),
('user13', 'Zumba', '2025-05-11', '08:00:00', 60, '', 440),
('user14', 'Stretching', '2025-05-11', '09:00:00', 20, 'Loosened up.', 110),
('user15', 'Weightlifting', '2025-05-11', '10:00:00', 50, '', 350),
('user16', 'Pilates', '2025-05-12', '07:00:00', 30, 'Back pain eased.', 230),
('user17', 'Cycling', '2025-05-12', '08:00:00', 40, '', 400),
('user18', 'Swimming', '2025-05-12', '09:00:00', 60, '', 500),
('user19', 'Walking', '2025-05-12', '10:00:00', 25, 'Leisurely pace.', 140),
('user20', 'Running', '2025-05-13', '07:00:00', 30, 'Solid tempo.', 310),
('user21', 'Boxing', '2025-05-13', '08:00:00', 45, '', 460),
('user22', 'Yoga', '2025-05-13', '09:00:00', 35, 'Mindful flow.', 210),
('user23', 'Pilates', '2025-05-13', '10:00:00', 30, '', 250),
('user24', 'Zumba', '2025-05-14', '07:00:00', 50, 'Fun workout!', 430),
('user25', 'Cycling', '2025-05-14', '08:00:00', 45, '', 410),
('user26', 'Running', '2025-05-14', '09:00:00', 30, 'Beat my record.', 320),
('user27', 'Walking', '2025-05-14', '10:00:00', 20, '', 140),
('user28', 'Swimming', '2025-05-15', '07:00:00', 60, 'Smooth strokes.', 500),
('user29', 'HIIT', '2025-05-15', '08:00:00', 25, '', 330),
('user30', 'Yoga', '2025-05-15', '09:00:00', 40, 'Great stretch.', 210),
('user01', 'Boxing', '2025-05-15', '10:00:00', 50, '', 450);

 
INSERT INTO react (log_id, username) VALUES
(1, 'user02'), (1, 'user03'),
(2, 'user01'),
(3, 'user04'), (3, 'user05'),
(5, 'user06'), (5, 'user07'), (5, 'user08'),
(10, 'user09'),
(13, 'user10'), (13, 'user11'),
(17, 'user12'), (17, 'user13'),
(21, 'user14'), (21, 'user15'), (21, 'user16'),
(30, 'user17'), (30, 'user18'),
(45, 'user19'),
(53, 'user20'), (53, 'user21'), (53, 'user22');
 

INSERT INTO follow (follower, followee) VALUES
('user01', 'user02'), ('user01', 'user03'),
('user02', 'user04'),
('user03', 'user01'), ('user03', 'user05'),
('user04', 'user06'), ('user04', 'user07'),
('user05', 'user08'), ('user06', 'user09'),
('user07', 'user10'), ('user08', 'user11'),
('user09', 'user12'), ('user10', 'user13'),
('user11', 'user14'), ('user12', 'user15'),
('user13', 'user16'), ('user14', 'user17'),
('user15', 'user18'), ('user16', 'user19'),
('user17', 'user20');